{"accuracy": [0.877538800239563, 0.9808841347694397, 0.9934288859367371, 0.9952210187911987, 0.9970131516456604, 0.9982078671455383, 0.9976105093955994, 0.999402642250061, 0.999402642250061, 0.999402642250061], "loss": [0.349429726600647, 0.07185766100883484, 0.03988506272435188, 0.028033070266246796, 0.02092101238667965, 0.017327915877103806, 0.014057915657758713, 0.010832106694579124, 0.009155159816145897, 0.009218432009220123], "val_accuracy": [1.0, 1.0, 0.9841269850730896, 0.9841269850730896, 0.9841269850730896, 0.9841269850730896, 0.9841269850730896, 0.9841269850730896, 0.9841269850730896, 0.9841269850730896], "val_loss": [0.049269359558820724, 0.03310401365160942, 0.036309752613306046, 0.03294462338089943, 0.0252648014575243, 0.04091382026672363, 0.020688608288764954, 0.02611495554447174, 0.019445132464170456, 0.03226933628320694]}