{"accuracy": [0.6660714149475098, 0.9339285492897034, 0.9750000238418579, 0.9821428656578064, 0.9892857074737549, 0.9892857074737549, 0.9964285492897034, 1.0, 1.0, 0.9982143044471741], "loss": [0.8979053497314453, 0.23660556972026825, 0.1097978875041008, 0.07884420454502106, 0.06247447058558464, 0.05165307596325874, 0.035563185811042786, 0.02996506355702877, 0.026438798755407333, 0.02606145665049553], "val_accuracy": [1.0, 1.0, 0.9777777791023254, 1.0, 1.0, 1.0, 1.0, 1.0, 1.0, 1.0], "val_loss": [0.14427225291728973, 0.07946446537971497, 0.06241816282272339, 0.037752751260995865, 0.035488665103912354, 0.034618034958839417, 0.02882274240255356, 0.03194626420736313, 0.028456328436732292, 0.02606206201016903]}